sentence	sentence_source	is_praeteritum	wallis_path	wallis_client_id	wallis_dit_transcript	wallis_dat_transcript	zurich_path	zurich_client_id	zurich_dit_transcript	zurich_dat_transcript
Damit ist jetzt aber Schluss.	news_tech	False	datasets/STT4SG-350 v2.1/clips__test/a1859917-0a13-49e8-aa92-77ac5cb5151e/586cd2025004c1d1bd18dae0c02a6ec0e57a31757aff582506d793f436201d92.mp3	a1859917-0a13-49e8-aa92-77ac5cb5151e	Damit ist jetzt aber Schluss.	Damit ist nun aber Schluss.	datasets/STT4SG-350 v2.1/clips__test/3e7e3ad6-938d-40fa-9787-2e9f8c529a66/586cd2025004c1d1bd18dae0c02a6ec0e57a31757aff582506d793f436201d92.mp3	3e7e3ad6-938d-40fa-9787-2e9f8c529a66	Damit ist jetzt aber Schluss.	Damit ist nun aber Schluss.
Es ist ein in Entstehung und Vollendung wunderbarer Treffer.	news_sport	False	datasets/STT4SG-350 v2.1/clips__test/503f5993-40fc-4547-a9c7-9f7d62b8f2a0/d873097796cdfcf2855d603323bcfb8361fa7af7926f8ba5a9f9d43da431e4e0.mp3	503f5993-40fc-4547-a9c7-9f7d62b8f2a0	Es ist ein Entstehung und Verlendung von wunderbaren Treffern.	Es ist ein in Entstehung und Vollendung wunderbarer Treffer.	datasets/STT4SG-350 v2.1/clips__test/6d34bfbb-2de2-48d9-891d-ae216f9b347b/d873097796cdfcf2855d603323bcfb8361fa7af7926f8ba5a9f9d43da431e4e0.mp3	6d34bfbb-2de2-48d9-891d-ae216f9b347b	Es ist ein in Entstehung und Vollendung wunderbarer Treffer.	Es ist ein in Entstehung und Vollendung wunderbarer Treffer.
In den letzten sechs Monaten bestritt ich nur ein Turnier.	news_sport	True	datasets/STT4SG-350 v2.1/clips__test/3a231070-4b09-40eb-a319-1f3ed4e61ad9/bca8641e7cae3e8bb920b8718f8d34b24511522a44aa0979290b36132cefae01.mp3	3a231070-4b09-40eb-a319-1f3ed4e61ad9	In den letzten sechs Monaten habe ich nur ein Turnier bestritten.	In den letzten sechs Monaten habe ich nur ein Turnier bestritten.	datasets/STT4SG-350 v2.1/clips__test/3e7e3ad6-938d-40fa-9787-2e9f8c529a66/bca8641e7cae3e8bb920b8718f8d34b24511522a44aa0979290b36132cefae01.mp3	3e7e3ad6-938d-40fa-9787-2e9f8c529a66	In den letzten sechs Monaten habe ich noch ein Turnier bestritten.	In den letzten sechs Monaten habe ich nur ein Turnier bestritten.
Seit Jahrzehnten werden die buddhistischen Mönche erniedrigt.	news_inter	False	datasets/STT4SG-350 v2.1/clips__test/fb1b67be-8d8f-47bb-b15c-ee1138f0d4ac/a0210a61b5ec5d00847fce533cbe1a6f03cb883ce7d751f14795e5f7a771a7ec.mp3	fb1b67be-8d8f-47bb-b15c-ee1138f0d4ac	Seit Jahrzehnten waren die buddhistischen Mönche erniedrigt.	Seit Jahrzehnten werden die buddhistischen Mönche erniedrigt.	datasets/STT4SG-350 v2.1/clips__test/3e7e3ad6-938d-40fa-9787-2e9f8c529a66/a0210a61b5ec5d00847fce533cbe1a6f03cb883ce7d751f14795e5f7a771a7ec.mp3	3e7e3ad6-938d-40fa-9787-2e9f8c529a66	Seit Jahrzehnten werden die buddhistischen Mönche erniedrigt.	Seit Jahrzehnten werden die buddhistischen Mönche erniedrigt.
Wo sind wir hier bloss gelandet?	news_cultu	False	datasets/STT4SG-350 v2.1/clips__test/20c8300d-7fba-441e-9062-ad5046c311f7/fbf3bcce7ef53afe04978eb0ec88dec4887694e758dc51ee566081b47554e178.mp3	0b890339-031a-43ef-bc2e-5e8b5ac5e613	Wo sind wir hier bloss gelandet?	Wo sind wir hier draussen gelandet?	datasets/STT4SG-350 v2.1/clips__test/6d34bfbb-2de2-48d9-891d-ae216f9b347b/fbf3bcce7ef53afe04978eb0ec88dec4887694e758dc51ee566081b47554e178.mp3	6d34bfbb-2de2-48d9-891d-ae216f9b347b	Wo sind mich da bloss gelandet?	Wo sind wir hier draussen gelandet?
Davon sind wir hierzulande weit entfernt.	news_every	False	datasets/STT4SG-350 v2.1/clips__test/fb1b67be-8d8f-47bb-b15c-ee1138f0d4ac/84c4eba302fcea9e5ffd8a43deb11d83f7ae829d6ce7b13158bb4902ab360d27.mp3	fb1b67be-8d8f-47bb-b15c-ee1138f0d4ac	Davon sind wir hier zu Lande weit entfernt.	Davon sind wir hier weit entfernt.	datasets/STT4SG-350 v2.1/clips__test/06f2981e-5362-4daa-828c-cf2f06c15f63/84c4eba302fcea9e5ffd8a43deb11d83f7ae829d6ce7b13158bb4902ab360d27.mp3	06f2981e-5362-4daa-828c-cf2f06c15f63	Davon sind wir hier weit entfernt.	Davon sind wir hier weit entfernt.
Es sind die nationalen Regierungen.	news_other	False	datasets/STT4SG-350 v2.1/clips__test/a1859917-0a13-49e8-aa92-77ac5cb5151e/3b0be025df3a1402ee308fa6b423437e4c8d00121206d2a269fe2fae3b91241c.mp3	a1859917-0a13-49e8-aa92-77ac5cb5151e	Das sind die nationalen Regierungen.	Es sind die nationalen Regierungen.	datasets/STT4SG-350 v2.1/clips__test/9a9554dd-3ee4-4997-82e6-1d78e0ca3d7f/3b0be025df3a1402ee308fa6b423437e4c8d00121206d2a269fe2fae3b91241c.mp3	9a9554dd-3ee4-4997-82e6-1d78e0ca3d7f	Der Sinti-Nationale der Kirche.	Es sind die nationalen Regierungen.
Sechs bestätigte Erkrankungen gibt es bereits in Kanada.	news_inter	False	datasets/STT4SG-350 v2.1/clips__test/50e4a935-c887-4c38-aff2-6286aab725d1/4b6c10232a664f68787d75bd9f9c09373eb250b1fd44a9c6948ae191f3afe559.mp3	50e4a935-c887-4c38-aff2-6286aab725d1	Sext, bestätigte Erkrankungen gibt es bereits in Kanada.	In Kanada gibt es bereits sechs bestätigte Erkrankungen.	datasets/STT4SG-350 v2.1/clips__test/ce8839ae-3b20-491c-8c33-cef08b4def6e/4b6c10232a664f68787d75bd9f9c09373eb250b1fd44a9c6948ae191f3afe559.mp3	ce8839ae-3b20-491c-8c33-cef08b4def6e	Sechs bestätigte Erkrankungen gibt es bereits in Kanada.	Sechs bestätigte Erkrankungen gibt es bereits in Kanada.
Ein weiteres Sorgenkind ist unser viel zu hohes jährliches Investitionsvolumen.	parliament	False	datasets/STT4SG-350 v2.1/clips__test/226c7f4c-0da0-4e94-a873-ad1586107355/79d3fd5c502d936ff4f2e8af111b5df605747298027d86b4fdf996a53f4985e3.mp3	226c7f4c-0da0-4e94-a873-ad1586107355	Ein weiteres Sorgenkind ist ein viel zu hohes jährliches Investitionsvolumen.	Ein weiteres Sorgenkind ist unser viel zu hohes jährliches Investitionsvolumen.	datasets/STT4SG-350 v2.1/clips__test/e1e57a5e-0e2c-4532-b8d0-1b2a2dc476a4/79d3fd5c502d936ff4f2e8af111b5df605747298027d86b4fdf996a53f4985e3.mp3	e1e57a5e-0e2c-4532-b8d0-1b2a2dc476a4	Ein weiteres Sorgenkind ist unser viel zu hoher jährlicher Investitionsvolumen.	Ein weiteres Sorgenkind ist unser viel zu hohes jährliches Investitionsvolumen.
Diese sind bereits wieder besetzt.	parliament	False	datasets/STT4SG-350 v2.1/clips__test/a1859917-0a13-49e8-aa92-77ac5cb5151e/69227bf061054d23d2e4b6fdf530b43025e3469328cb6933d2a3df27d9fab1b8.mp3	a1859917-0a13-49e8-aa92-77ac5cb5151e	Die Tische sind bereits wieder besetzt.	Diese sind bereits wieder besetzt.	datasets/STT4SG-350 v2.1/clips__test/e1e57a5e-0e2c-4532-b8d0-1b2a2dc476a4/69227bf061054d23d2e4b6fdf530b43025e3469328cb6933d2a3df27d9fab1b8.mp3	e1e57a5e-0e2c-4532-b8d0-1b2a2dc476a4	Hier sind bereits wieder gesetzt.	Diese sind bereits wieder besetzt.
Migros sei von der Klage nicht überrascht.	news_finan	False	datasets/STT4SG-350 v2.1/clips__test/503f5993-40fc-4547-a9c7-9f7d62b8f2a0/d6da60ae2643c58f6fd6f45d1b0ded86ae1127b730678eed9f0792c5c884cabb.mp3	503f5993-40fc-4547-a9c7-9f7d62b8f2a0	Migros sind für den Schlag nicht überrascht.	Die Migros sei von der Klage nicht überrascht.	datasets/STT4SG-350 v2.1/clips__test/4ee1811c-9884-4261-99cb-2f7346c8ea6e/d6da60ae2643c58f6fd6f45d1b0ded86ae1127b730678eed9f0792c5c884cabb.mp3	4ee1811c-9884-4261-99cb-2f7346c8ea6e	Migros sei von der Klage nicht überrascht.	Migros sind von den Schlägen nicht überrascht.
Warum verschönern?	parliament	False	datasets/STT4SG-350 v2.1/clips__test/3a231070-4b09-40eb-a319-1f3ed4e61ad9/c6fcf570d3753c1e42a0ba5301d89a262d55cc284052910090d17292755f2227.mp3	3a231070-4b09-40eb-a319-1f3ed4e61ad9	Warum verschönern?	Wieso verschönern?	datasets/STT4SG-350 v2.1/clips__test/06f2981e-5362-4daa-828c-cf2f06c15f63/c6fcf570d3753c1e42a0ba5301d89a262d55cc284052910090d17292755f2227.mp3	06f2981e-5362-4daa-828c-cf2f06c15f63	Wieso verschönern?	Warum verschönern?
Allerdings nahm sein Ministerium die Darstellung später wieder zurück.	news_inter	True	datasets/STT4SG-350 v2.1/clips__test/d518030b-8c9d-43bf-bca5-dad736364203/f736b39604279d38d9dd07c6604c7c4bc4e0273dc4eb4b978d25a99eee0557d2.mp3	d518030b-8c9d-43bf-bca5-dad736364203	Allerdings hat das Chiesministerium die Darstellung später wieder zurückgenommen.	Allerdings nahm sein Ministerium die Darstellung später wieder zurück.	datasets/STT4SG-350 v2.1/clips__test/6d34bfbb-2de2-48d9-891d-ae216f9b347b/f736b39604279d38d9dd07c6604c7c4bc4e0273dc4eb4b978d25a99eee0557d2.mp3	6d34bfbb-2de2-48d9-891d-ae216f9b347b	Allerdings hat sein Ministerium diese Darstellung später wieder zurückgenommen.	Allerdings nahm sein Ministerium die Darstellung später wieder zurück.
Der Gesamtkredit beläuft sich auf 4.1 Mio. Franken.	parliament	False	datasets/STT4SG-350 v2.1/clips__test/503f5993-40fc-4547-a9c7-9f7d62b8f2a0/73254ce6e9378f881c67ff44ea73d2ce01be5a466ebbb68100c1cbe32095f59a.mp3	503f5993-40fc-4547-a9c7-9f7d62b8f2a0	Der Gesamtkredit beläuft sich auf 4,1 Millionen Franken.	Der Gesamtkredit belief sich auf 4.1 Millionen Franken.	datasets/STT4SG-350 v2.1/clips__test/9864e0a2-eda0-48fe-97a7-65bc07cbb944/73254ce6e9378f881c67ff44ea73d2ce01be5a466ebbb68100c1cbe32095f59a.mp3	9864e0a2-eda0-48fe-97a7-65bc07cbb944	Der Gesamtkredit beläuft sich auf 4.1 Mio. Fr.	Der Gesamtkredit belief sich auf 4.1 Millionen Franken.
Der vorliegende Bericht ist die Folge der Überweisung.	parliament	False	datasets/STT4SG-350 v2.1/clips__test/d518030b-8c9d-43bf-bca5-dad736364203/f5782de662599f49b11cb919f155fbb5e054f60a9e3b21d7a9ea2269759264cc.mp3	d518030b-8c9d-43bf-bca5-dad736364203	Der vorliegende Bericht ist die Folge einer Überweisung.	Der vorliegende Bericht ist die Folge der Überweisung.	datasets/STT4SG-350 v2.1/clips__test/6d34bfbb-2de2-48d9-891d-ae216f9b347b/f5782de662599f49b11cb919f155fbb5e054f60a9e3b21d7a9ea2269759264cc.mp3	6d34bfbb-2de2-48d9-891d-ae216f9b347b	Der vorliegende Bericht ist die Folge der Überweisung.	Der vorliegende Bericht ist die Folge der Überweisung.
Dafür sieht man weniger Touristen.	news_cultu	False	datasets/STT4SG-350 v2.1/clips__test/50e4a935-c887-4c38-aff2-6286aab725d1/49c847523dcf5ee3ef4446134f11034aee262c612058879d2cc1eb96e825a54f.mp3	50e4a935-c887-4c38-aff2-6286aab725d1	Dafür sieht man weniger Touristen.	Dafür sieht man weniger Touristen.	datasets/STT4SG-350 v2.1/clips__test/ce8839ae-3b20-491c-8c33-cef08b4def6e/49c847523dcf5ee3ef4446134f11034aee262c612058879d2cc1eb96e825a54f.mp3	ce8839ae-3b20-491c-8c33-cef08b4def6e	Dafür sieht man weniger Touristen.	Dafür sieht man weniger Touristen.
Dort werde sich die Entspannung aber fortsetzen.	news_finan	False	datasets/STT4SG-350 v2.1/clips__test/20c8300d-7fba-441e-9062-ad5046c311f7/d649e2c7922503151d1c6e91c4d646d0c63788fe7020d04437f1bdaf1f5179f8.mp3	0b890339-031a-43ef-bc2e-5e8b5ac5e613	Da würde sich die Entspannung aber weiter fortsetzen.	Dort werde ich aber die Entspannung fortsetzen.	datasets/STT4SG-350 v2.1/clips__test/6d34bfbb-2de2-48d9-891d-ae216f9b347b/d649e2c7922503151d1c6e91c4d646d0c63788fe7020d04437f1bdaf1f5179f8.mp3	6d34bfbb-2de2-48d9-891d-ae216f9b347b	Dort würde sich die Entspannung aber fortsetzen.	Dort würde sich die Entspannung aber fortsetzen.
Insgesamt sind die Ziele grob formuliert, teilweise wurde dies absichtlich gemacht.	parliament	True	datasets/STT4SG-350 v2.1/clips__test/50e4a935-c887-4c38-aff2-6286aab725d1/109d68027e226c849cdf5450d33bcfd09e0a42ff43628ffc3e54ae40dfcf3a7d.mp3	50e4a935-c887-4c38-aff2-6286aab725d1	Insgesamt sind die Ziele grob formuliert, teilweise ist es aber absichtlich gemacht worden.	Insgesamt sind die Ziele grob formuliert, teilweise wurde es aber absichtlich gemacht.	datasets/STT4SG-350 v2.1/clips__test/ce8839ae-3b20-491c-8c33-cef08b4def6e/109d68027e226c849cdf5450d33bcfd09e0a42ff43628ffc3e54ae40dfcf3a7d.mp3	ce8839ae-3b20-491c-8c33-cef08b4def6e	Insgesamt sind diese Ziele grob formuliert, teilweise wurde das absichtlich gemacht.	Insgesamt sind die Ziele grob formuliert, teilweise wurde es aber absichtlich gemacht.
Aber jedes Medikament kann Nebenwirkungen haben.	news_scien	False	datasets/STT4SG-350 v2.1/clips__test/0b890339-031a-43ef-bc2e-5e8b5ac5e613/b42155f9461edae49193ce172c26a80b534435572ea8993005688bbb2ed28c01.mp3	0b890339-031a-43ef-bc2e-5e8b5ac5e613	Aber jedes Medikament kann Nebenwirkungen haben.	Aber jedes Medikament kann Nebenwirkungen haben.	datasets/STT4SG-350 v2.1/clips__test/2b08c635-ccf7-42a3-ae38-c7e57b3eb8ed/b42155f9461edae49193ce172c26a80b534435572ea8993005688bbb2ed28c01.mp3	2b08c635-ccf7-42a3-ae38-c7e57b3eb8ed	Aber jedes Medikament kann Nebenwirkungen haben.	Aber jedes Medikament kann Nebenwirkungen haben.
Man habe zunächst Informationen über die Dimension des Problems sammeln müssen.	news_inter	False	datasets/STT4SG-350 v2.1/clips__test/0d54807c-ec46-415f-8ef2-0a2f769aab1a/dc099dfba5110f1f5e3ca1f98d0e55e4e76c72b5e9cb84a7d6a2c67be0651a37.mp3	fb1b67be-8d8f-47bb-b15c-ee1138f0d4ac	Wir mussten zunächst Informationen über die Dimension des Problems sammeln.	Man habe zuerst Informationen über die Dimension des Problems sammeln müssen.	datasets/STT4SG-350 v2.1/clips__test/6d34bfbb-2de2-48d9-891d-ae216f9b347b/dc099dfba5110f1f5e3ca1f98d0e55e4e76c72b5e9cb84a7d6a2c67be0651a37.mp3	6d34bfbb-2de2-48d9-891d-ae216f9b347b	Man hätte zuerst Informationen über die Dimension des Problems sammeln müssen.	Wir hätten zuerst Informationen über die Dimensionen des Problems sammeln müssen.
Hunderttausende Italiener können nicht irren.	news_every	False	datasets/STT4SG-350 v2.1/clips__test/0d54807c-ec46-415f-8ef2-0a2f769aab1a/ba72cc5c0a78c044989efbef69f6ea9e0647ca8a39dcce57f067addc25863703.mp3	fb1b67be-8d8f-47bb-b15c-ee1138f0d4ac	Hunderttausende Italiener können nicht ehren.	Hunderttausende Italiener können sich nicht üren.	datasets/STT4SG-350 v2.1/clips__test/4ee1811c-9884-4261-99cb-2f7346c8ea6e/ba72cc5c0a78c044989efbef69f6ea9e0647ca8a39dcce57f067addc25863703.mp3	4ee1811c-9884-4261-99cb-2f7346c8ea6e	Hunderttausend Italiener können es sich nicht leisten.	Hunderttausende Italiener können nicht irren.
Oder sie müssen ihre Berufstätigkeit ganz aufgeben.	news_other	False	datasets/STT4SG-350 v2.1/clips__test/0d54807c-ec46-415f-8ef2-0a2f769aab1a/c4b0ddb7580efe35bbe6ea239019d0db0e1f1d8abec2a997fc7dedd5b2d092e5.mp3	fb1b67be-8d8f-47bb-b15c-ee1138f0d4ac	Oder die Ski müssen ihren Sprüfstatik-Hackons aufgeben.	Oder sie müssen ihre Berufstätigkeiten ganz aufgeben.	datasets/STT4SG-350 v2.1/clips__test/4ee1811c-9884-4261-99cb-2f7346c8ea6e/c4b0ddb7580efe35bbe6ea239019d0db0e1f1d8abec2a997fc7dedd5b2d092e5.mp3	4ee1811c-9884-4261-99cb-2f7346c8ea6e	Oder sie müssen ihre Berufstätigkeiten ganz aufgeben.	Oder sie müssen ihre Berufstätigkeiten ganz aufgeben.
Im Privatleben läuft es für die Schauspielerin ebenfalls rund.	news_every	False	datasets/STT4SG-350 v2.1/clips__test/50e4a935-c887-4c38-aff2-6286aab725d1/411f2cca3647533bdf207ef73c676df708cd8e69f419b67e983328c6f55a0ba2.mp3	50e4a935-c887-4c38-aff2-6286aab725d1	Im Privatleben läuft es für die Schauspielerin ab und zu rund.	Im Privatleben läuft es für die Schauspielerin ebenfalls rund.	datasets/STT4SG-350 v2.1/clips__test/9864e0a2-eda0-48fe-97a7-65bc07cbb944/411f2cca3647533bdf207ef73c676df708cd8e69f419b67e983328c6f55a0ba2.mp3	9864e0a2-eda0-48fe-97a7-65bc07cbb944	Im Privatleben läuft es für die Schauspielerin ebenfalls rund.	Im Privatleben läuft es für die Schauspielerin ebenfalls rund.
Auf den Rechnungsabschluss wird eingetreten.	parliament	False	datasets/STT4SG-350 v2.1/clips__test/226c7f4c-0da0-4e94-a873-ad1586107355/48eb30e904be9697bc0eaf4e2f38701b0c6d22503184639aa656f9da644b54a8.mp3	226c7f4c-0da0-4e94-a873-ad1586107355	Auf den Rechnungsabschluss wird eingetreten.	Auf den Rechnungsabschluss wird eintreten.	datasets/STT4SG-350 v2.1/clips__test/ce8839ae-3b20-491c-8c33-cef08b4def6e/48eb30e904be9697bc0eaf4e2f38701b0c6d22503184639aa656f9da644b54a8.mp3	ce8839ae-3b20-491c-8c33-cef08b4def6e	Auf den Rechnungsabschluss wird eingetreten.	Auf den Rechnungsabschluss werde ich eingetreten.
Über ein Fünftel davon geht auf das Konto der jüngsten Produkte.	news_finan	False	datasets/STT4SG-350 v2.1/clips__test/20c8300d-7fba-441e-9062-ad5046c311f7/e8668c70ad19000bbe92bb072c942ef1f777c0b89e2d3a60b044d7c03cb5bc38.mp3	0b890339-031a-43ef-bc2e-5e8b5ac5e613	Über ein Fünftel davon geht auf das Konto der neuesten Produkte.	Über ein Fünftel davon geht auf das Konto der neuen Produkte.	datasets/STT4SG-350 v2.1/clips__test/8b48025a-2cff-4346-9dab-b45cfb683e22/e8668c70ad19000bbe92bb072c942ef1f777c0b89e2d3a60b044d7c03cb5bc38.mp3	8b48025a-2cff-4346-9dab-b45cfb683e22	Über ein Fünftel davon geht auf das Konto der jüngsten Produkte.	Über ein Fünftel davon geht auf das Konto der jüngsten Produkte.
Es steckt jedenfalls etwas von diesem Portugiesen drin.	news_cultu	False	datasets/STT4SG-350 v2.1/clips__test/503f5993-40fc-4547-a9c7-9f7d62b8f2a0/e2649fe99fb7eb171c42e5e0755e5f6bfabcd85eda5645bba00073701781ec50.mp3	503f5993-40fc-4547-a9c7-9f7d62b8f2a0	Da steckt jedenfalls etwas in Portugiesisch drin.	Es steckt jedenfalls etwas von diesem Portugiesen drin.	datasets/STT4SG-350 v2.1/clips__test/6d34bfbb-2de2-48d9-891d-ae216f9b347b/e2649fe99fb7eb171c42e5e0755e5f6bfabcd85eda5645bba00073701781ec50.mp3	6d34bfbb-2de2-48d9-891d-ae216f9b347b	Es steckt jedenfalls etwas von dem Portugiesischen drinnen.	Es steckt in jedem Fall etwas von den Portugiesen drin.
Dies obwohl der wissenschaftliche Konsens eindeutig war.	news_scien	True	datasets/STT4SG-350 v2.1/clips__test/50e4a935-c887-4c38-aff2-6286aab725d1/3ac54dad681985d39078792f9b756dae246ddac462f541a9ba382afeee81c993.mp3	50e4a935-c887-4c38-aff2-6286aab725d1	Das, obwohl der wissenschaftliche Konsens eindeutig war.	Dies obwohl der wissenschaftliche Konsens eindeutig war.	datasets/STT4SG-350 v2.1/clips__test/ce8839ae-3b20-491c-8c33-cef08b4def6e/3ac54dad681985d39078792f9b756dae246ddac462f541a9ba382afeee81c993.mp3	ce8839ae-3b20-491c-8c33-cef08b4def6e	Das obwohl der wissenschaftliche Konsens eindeutig war.	Dies obwohl der wissenschaftliche Konsens eindeutig war.
Der tödliche Unfall sorgte international für Schlagzeilen.	news_tech	True	datasets/STT4SG-350 v2.1/clips__test/3a231070-4b09-40eb-a319-1f3ed4e61ad9/a8d6a2a533af086272f284296553304a3a5f28eceb0e716de10be3af2c6f3b4e.mp3	3a231070-4b09-40eb-a319-1f3ed4e61ad9	Der tödliche Unfall hat international verschluckt Ziele gesorgt.	Der tödliche Unfall sorgte international für Schlagzeilen.	datasets/STT4SG-350 v2.1/clips__test/8b48025a-2cff-4346-9dab-b45cfb683e22/a8d6a2a533af086272f284296553304a3a5f28eceb0e716de10be3af2c6f3b4e.mp3	8b48025a-2cff-4346-9dab-b45cfb683e22	Der tödliche Unfall hat international für Schlagzeilen gesorgt.	Der tödliche Unfall sorgte international für Schlagzeilen.
Dies hat aber dannzumal aus Angst vor höheren Kosten kein Wohlwollen gefunden.	parliament	False	datasets/STT4SG-350 v2.1/clips__test/50e4a935-c887-4c38-aff2-6286aab725d1/0ed130e598c91073054d63d0bb04e670d414150dcfd1dedda1906f347cea7889.mp3	50e4a935-c887-4c38-aff2-6286aab725d1	Das fand aber damals unsere Angst vor hoher Käste kein Wohlwollen.	Das fand damals aus Angst vor höheren Kosten aber kein Wohlwollen.	datasets/STT4SG-350 v2.1/clips__test/9a9554dd-3ee4-4997-82e6-1d78e0ca3d7f/0ed130e598c91073054d63d0bb04e670d414150dcfd1dedda1906f347cea7889.mp3	9a9554dd-3ee4-4997-82e6-1d78e0ca3d7f	Das hat aber dazumal, aus Angst vor höheren Kosten, keine Wohlwolle gefunden.	Das fand aber damals aus Angst vor höheren Kosten kein Wohlwollen.
Ich sehe ein Thema und packe an.	news_switz	False	datasets/STT4SG-350 v2.1/clips__test/0b890339-031a-43ef-bc2e-5e8b5ac5e613/6ba66f466c2c778c1c86d481ed8e127ba925ebb0f10248e1512953218c515e89.mp3	0b890339-031a-43ef-bc2e-5e8b5ac5e613	Ich sehe ein Thema und backe so.	Ich sehe ein Thema und packe es an.	datasets/STT4SG-350 v2.1/clips__test/9864e0a2-eda0-48fe-97a7-65bc07cbb944/6ba66f466c2c778c1c86d481ed8e127ba925ebb0f10248e1512953218c515e89.mp3	9864e0a2-eda0-48fe-97a7-65bc07cbb944	Ich sehe ein Thema und passe auf.	Ich sehe ein Thema und popps auch.
Mehr als zwei Millionen Bürger flohen.	news_other	True	datasets/STT4SG-350 v2.1/clips__test/3a231070-4b09-40eb-a319-1f3ed4e61ad9/d55ae1c84fcc82f6a0b07fa165420fd84f424c0da663b16e40c4febc1ac39371.mp3	3a231070-4b09-40eb-a319-1f3ed4e61ad9	Mehr als zwei Millionen Bürger sind geflüchtet.	Mehr als zwei Millionen Bürger flüchteten.	datasets/STT4SG-350 v2.1/clips__test/ba826a45-33f8-47ef-9516-a66a201aac29/d55ae1c84fcc82f6a0b07fa165420fd84f424c0da663b16e40c4febc1ac39371.mp3	ba826a45-33f8-47ef-9516-a66a201aac29	Mehr als zwei Millionen Bürger sind geflüchtet.	Mehr als zwei Millionen Bürger flüchteten.
Rasch hatte er über 90 Sekunden Vorsprung.	news_sport	True	datasets/STT4SG-350 v2.1/clips__test/0b890339-031a-43ef-bc2e-5e8b5ac5e613/51baf89dfa9e0163f899d656380069ef02afe103ea6d45a41beda273645d0b2f.mp3	0b890339-031a-43ef-bc2e-5e8b5ac5e613	RASCH hat auch über 90 Sekunden Vorsprung.	Schnell hatte er über 90 Sekunden Vorsprung.	datasets/STT4SG-350 v2.1/clips__test/e1e57a5e-0e2c-4532-b8d0-1b2a2dc476a4/51baf89dfa9e0163f899d656380069ef02afe103ea6d45a41beda273645d0b2f.mp3	e1e57a5e-0e2c-4532-b8d0-1b2a2dc476a4	Rasch hatte er über 90 Sekunden Vorsprung.	Schnell hatte er über 90 Sekunden Vorsprung.
Somit schreiten wir zur Abstimmung.	parliament	False	datasets/STT4SG-350 v2.1/clips__test/d518030b-8c9d-43bf-bca5-dad736364203/cef007724138695c788ec5b197db78d8270da0718ab8e561c95f47ad1b6923bc.mp3	d518030b-8c9d-43bf-bca5-dad736364203	Somit schreibt ihr jetzt eure Abstimmung.	Somit schreiten wir zur Abstimmung.	datasets/STT4SG-350 v2.1/clips__test/6d34bfbb-2de2-48d9-891d-ae216f9b347b/cef007724138695c788ec5b197db78d8270da0718ab8e561c95f47ad1b6923bc.mp3	6d34bfbb-2de2-48d9-891d-ae216f9b347b	Somit schreitet mich zur Abstimmung.	Somit schreiten wir zur Abstimmung.
Die Möglichkeit, einen Rückweisungsantrag zu stellen, ist gegeben.	parliament	False	datasets/STT4SG-350 v2.1/clips__test/20c8300d-7fba-441e-9062-ad5046c311f7/dade4d7701d3d766a8059091b8fd43f4de45ba466b538424bbb56eb5730ecb07.mp3	0b890339-031a-43ef-bc2e-5e8b5ac5e613	Die Möglichkeit, einen Rückweisungsantrag zu stellen, ist gegeben.	Die Möglichkeit für einen Rückweisungsantrag zu stellen ist gegeben.	datasets/STT4SG-350 v2.1/clips__test/6d34bfbb-2de2-48d9-891d-ae216f9b347b/dade4d7701d3d766a8059091b8fd43f4de45ba466b538424bbb56eb5730ecb07.mp3	6d34bfbb-2de2-48d9-891d-ae216f9b347b	Die Möglichkeit, einen Rückweisungsantrag zu stellen, ist gegeben.	Die Möglichkeit einen Rückweisungsantrag zu stellen ist gegeben.
Das ist in Anbetracht der Grösse des Autos ein hervorragender Wert.	news_tech	False	datasets/STT4SG-350 v2.1/clips__test/50e4a935-c887-4c38-aff2-6286aab725d1/3f2710fb87eef194b46821f4267b2316a9c1c5247b259733d4a724e95521d790.mp3	50e4a935-c887-4c38-aff2-6286aab725d1	Das ist in Anbetracht der Grösse des Autos ein hervorragender Wert.	Das ist in Anbetracht der Grösse des Autos ein hervorragender Wert.	datasets/STT4SG-350 v2.1/clips__test/3e7e3ad6-938d-40fa-9787-2e9f8c529a66/3f2710fb87eef194b46821f4267b2316a9c1c5247b259733d4a724e95521d790.mp3	3e7e3ad6-938d-40fa-9787-2e9f8c529a66	Das ist in Abbetracht der Grösse des Autos hervorragender Wert.	Das ist in Anbetracht der Grösse des Autos ein hervorragender Wert.
Sie hatte ihr Ohr beim Volk und den Vereinen.	parliament	True	datasets/STT4SG-350 v2.1/clips__test/20c8300d-7fba-441e-9062-ad5046c311f7/d851472273bf34e2507412a3f909010b259e2bcbe882eeba0778508f33acb03d.mp3	0b890339-031a-43ef-bc2e-5e8b5ac5e613	Sie hatte ihren Schwur beim Volk und den Vereinen.	Sie hatte ihr Ohr beim folgenden Verein.	datasets/STT4SG-350 v2.1/clips__test/8b48025a-2cff-4346-9dab-b45cfb683e22/d851472273bf34e2507412a3f909010b259e2bcbe882eeba0778508f33acb03d.mp3	8b48025a-2cff-4346-9dab-b45cfb683e22	Sie hatte ihr Ohr beim Volk und bei den Vereinen.	Sie hat ihr Ohr beim Volk und bei den Vereinen.
Und bringen neue Fakten ans Tageslicht.	news_every	False	datasets/STT4SG-350 v2.1/clips__test/a1859917-0a13-49e8-aa92-77ac5cb5151e/5e30d69595bfb748b1fa96ac384ef36418b384d98322d68465ee17f1464b64a7.mp3	a1859917-0a13-49e8-aa92-77ac5cb5151e	und bringe neue Fakten ans Tageslicht.	Und bringen neue Fakten ans Tageslicht.	datasets/STT4SG-350 v2.1/clips__test/06f2981e-5362-4daa-828c-cf2f06c15f63/5e30d69595bfb748b1fa96ac384ef36418b384d98322d68465ee17f1464b64a7.mp3	06f2981e-5362-4daa-828c-cf2f06c15f63	und bringen den neuen Faktor ins Tageslicht.	Und bringen neue Fakten ans Tageslicht.
Biel als Gegner findet er nicht lustig.	news_sport	False	datasets/STT4SG-350 v2.1/clips__test/50e4a935-c887-4c38-aff2-6286aab725d1/4f7d31ae248d5718d95f19bcc976e49f2adf2d71e6c25f44442f4f4f75024f27.mp3	50e4a935-c887-4c38-aff2-6286aab725d1	Björn und Gartner finden auch nicht lustig.	Biel als Gegner findet er nicht lustig.	datasets/STT4SG-350 v2.1/clips__test/2b08c635-ccf7-42a3-ae38-c7e57b3eb8ed/4f7d31ae248d5718d95f19bcc976e49f2adf2d71e6c25f44442f4f4f75024f27.mp3	2b08c635-ccf7-42a3-ae38-c7e57b3eb8ed	Birla als Gegner findet er nicht lustig.	Biel als Gegner findet er nicht lustig.
Und so ist ihnen dieses Volk von der Fahne gegangen.	news_inter	False	datasets/STT4SG-350 v2.1/clips__test/fd653920-0aa9-4f5f-8fe3-1da4d2f65f84/7aff2f9a428570db1df09c77be4775a439b862820a42af9388ec875782110fd7.mp3	50e4a935-c887-4c38-aff2-6286aab725d1	Und so ist auch das Volk der Fahne gegangen.	Und so ging auch das Volk von der Fahne.	datasets/STT4SG-350 v2.1/clips__test/06f2981e-5362-4daa-828c-cf2f06c15f63/7aff2f9a428570db1df09c77be4775a439b862820a42af9388ec875782110fd7.mp3	06f2981e-5362-4daa-828c-cf2f06c15f63	Und so ist ihnen das Volk von der Fahne gegangen.	Und so ging auch das Volk von der Fahne.
Das ist für uns nicht vergleichbar.	parliament	False	datasets/STT4SG-350 v2.1/clips__test/20c8300d-7fba-441e-9062-ad5046c311f7/ac525ef40805476a9dce5ea6973b6aac24e238c156fb15958198969b4399a2e3.mp3	0b890339-031a-43ef-bc2e-5e8b5ac5e613	Das ist für uns nicht vergleichbar.	Das ist für uns nicht vergleichbar.	datasets/STT4SG-350 v2.1/clips__test/8b48025a-2cff-4346-9dab-b45cfb683e22/ac525ef40805476a9dce5ea6973b6aac24e238c156fb15958198969b4399a2e3.mp3	8b48025a-2cff-4346-9dab-b45cfb683e22	Das ist für uns nicht vergleichbar.	Das ist für uns nicht vergleichbar.
Das entsprechende Vorgehen und die ungefähren Kosten wurden ermittelt.	parliament	True	datasets/STT4SG-350 v2.1/clips__test/fd653920-0aa9-4f5f-8fe3-1da4d2f65f84/37209dac72860f9275bf9e873e873d89ae348a36c53288033b92c7a8bbd8509e.mp3	50e4a935-c887-4c38-aff2-6286aab725d1	Zentsprechend vorgegeben und die ungefähren Kosten sind ermittelt worden.	Das entsprechende Vorgehen und die ungefähren Kosten wurden ermittelt.	datasets/STT4SG-350 v2.1/clips__test/e1e57a5e-0e2c-4532-b8d0-1b2a2dc476a4/37209dac72860f9275bf9e873e873d89ae348a36c53288033b92c7a8bbd8509e.mp3	e1e57a5e-0e2c-4532-b8d0-1b2a2dc476a4	Das entsprechende Vorgehen und die ungefähren Hosten sind ermittelt worden.	Das entsprechende Vorgehen und die ungefähren Kosten wurden ermittelt.
Ist der Homo sapiens wirklich die Krone der Schöpfung?	news_cultu	False	datasets/STT4SG-350 v2.1/clips__test/503f5993-40fc-4547-a9c7-9f7d62b8f2a0/729a17b336ad90450022a94626e6c4da636b54f37a5086c6fe1a3fd442761269.mp3	503f5993-40fc-4547-a9c7-9f7d62b8f2a0	Ist der Homo sapiens wirklich die Krone einer Schöpfung?	Ist der Homo sapiens wirklich die Krone der Schöpfung?	datasets/STT4SG-350 v2.1/clips__test/e1e57a5e-0e2c-4532-b8d0-1b2a2dc476a4/729a17b336ad90450022a94626e6c4da636b54f37a5086c6fe1a3fd442761269.mp3	e1e57a5e-0e2c-4532-b8d0-1b2a2dc476a4	Ist der Homo Sapiens wirklich die Krönung der Schöpfung?	Ist der Homo sapiens wirklich die Krone der Schöpfung?
Die Bau- und Abbruchmaterialien werden gemäss den einschlägigen Bestimmungen gelagert und entsorgt.	parliament	False	datasets/STT4SG-350 v2.1/clips__test/0b890339-031a-43ef-bc2e-5e8b5ac5e613/68c55bf1e529645382ffad636bed1d1a1bd55c9939ddc2bfcfa23ec328d1bc5d.mp3	0b890339-031a-43ef-bc2e-5e8b5ac5e613	Die Bau- und Abbruchmaterialien werden gemäss den Einschlägungen und Bestimmungen gelagert und entsorgt.	Die Bau- und Abbruchmaterialien werden gemäss den einschlägigen Bestimmungen gelagert und entsorgt.	datasets/STT4SG-350 v2.1/clips__test/06f2981e-5362-4daa-828c-cf2f06c15f63/68c55bf1e529645382ffad636bed1d1a1bd55c9939ddc2bfcfa23ec328d1bc5d.mp3	06f2981e-5362-4daa-828c-cf2f06c15f63	Bau- und Abbruchmaterialien werden gemäss dem Einschlag der Besteinigung gelagert und entsorgt.	Bau- und Abbruchmaterialien werden gemäss den einschlägigen Bestimmungen gelagert und entsorgt.
Vor dem Spiel geben sich beide locker.	news_sport	False	datasets/STT4SG-350 v2.1/clips__test/20c8300d-7fba-441e-9062-ad5046c311f7/b33d18b91ce37330f8000b3a771d293edd534b1e08905a1c843db9064606414b.mp3	0b890339-031a-43ef-bc2e-5e8b5ac5e613	Vor dem Spiel geben sich beide locker.	Vor dem Spiel geben sich beide locker.	datasets/STT4SG-350 v2.1/clips__test/06f2981e-5362-4daa-828c-cf2f06c15f63/b33d18b91ce37330f8000b3a771d293edd534b1e08905a1c843db9064606414b.mp3	06f2981e-5362-4daa-828c-cf2f06c15f63	Vor dem Spiegel geht sich beides locker.	Vor dem Spiel geben sich beide locker.
Gerne möchte ich aber zu Grundsätzlichem kommen.	parliament	False	datasets/STT4SG-350 v2.1/clips__test/0d54807c-ec46-415f-8ef2-0a2f769aab1a/e5a7db6af6fa93d4a501e50c92144082759b88f884a76d240947dcb4faa150c9.mp3	fb1b67be-8d8f-47bb-b15c-ee1138f0d4ac	Garen wollte ich aber so grundsätzlich umkommen.	Gerne möchte ich aber zu Grundsätzlichem kommen.	datasets/STT4SG-350 v2.1/clips__test/6d34bfbb-2de2-48d9-891d-ae216f9b347b/e5a7db6af6fa93d4a501e50c92144082759b88f884a76d240947dcb4faa150c9.mp3	6d34bfbb-2de2-48d9-891d-ae216f9b347b	Gerne möchte ich aber zu Grundsätzlichem kommen.	Gerne möchte ich aber zu Grundsätzlichem kommen.
Sie soll zwischen dem dritten und sechsten Monat sein.	news_every	False	datasets/STT4SG-350 v2.1/clips__test/fd653920-0aa9-4f5f-8fe3-1da4d2f65f84/94372c3cfd758bd44abe6e1c3a6b80cde9213e9bb85a3d7f7ea2078c8cf26fb5.mp3	50e4a935-c887-4c38-aff2-6286aab725d1	Sie soll zwischen drittem und sechstem Monat sein.	Sie soll zwischen dem 3. und dem 6. Monat sein.	datasets/STT4SG-350 v2.1/clips__test/2b08c635-ccf7-42a3-ae38-c7e57b3eb8ed/94372c3cfd758bd44abe6e1c3a6b80cde9213e9bb85a3d7f7ea2078c8cf26fb5.mp3	2b08c635-ccf7-42a3-ae38-c7e57b3eb8ed	Sie soll zwischen dem 3. und dem 6. Monat sein.	Sie soll zwischen dem 3. und dem 6. Monat sein.
Viele Patienten nehmen ganz selbstverständlich beide Arten von Medizin in Anspruch.	news_cultu	False	datasets/STT4SG-350 v2.1/clips__test/50e4a935-c887-4c38-aff2-6286aab725d1/3adaef1eb14474f07389140e6a063c078c193cd10b2bb73d9cc4c289ea413434.mp3	50e4a935-c887-4c38-aff2-6286aab725d1	Viele Patienten nehmen ganz selbstverständlich beide Arten von Medizin in Anspruch.	Viele Patienten nehmen ganz selbstverständlich beide Arten von Medizin in Anspruch.	datasets/STT4SG-350 v2.1/clips__test/9a9554dd-3ee4-4997-82e6-1d78e0ca3d7f/3adaef1eb14474f07389140e6a063c078c193cd10b2bb73d9cc4c289ea413434.mp3	9a9554dd-3ee4-4997-82e6-1d78e0ca3d7f	Viele Patienten nehmen ganz selbstverständlich beide Arten von Medizin in Anspruch.	Viele Patienten nehmen ganz selbstverständlich beide Arten von Medizin in Anspruch.
Wir haben 11'000 m2 Arealfläche.	parliament	False	datasets/STT4SG-350 v2.1/clips__test/50e4a935-c887-4c38-aff2-6286aab725d1/20d4403c0c3e2740556cdbcfc57efa517c352f569db771aa74b8c9d84cad9c2d.mp3	50e4a935-c887-4c38-aff2-6286aab725d1	Wir haben 11'000 m2 Arealfläche.	Wir haben 11000 Quadratmeter Arealfläche.	datasets/STT4SG-350 v2.1/clips__test/06f2981e-5362-4daa-828c-cf2f06c15f63/20d4403c0c3e2740556cdbcfc57efa517c352f569db771aa74b8c9d84cad9c2d.mp3	06f2981e-5362-4daa-828c-cf2f06c15f63	Wir haben 11'000 m2 Arealfläche.	Wir haben 11000 Quadratmeter Arealfläche.
Doch ein gelungener Start ist noch kein Garant für späteren Erfolg.	news_finan	False	datasets/STT4SG-350 v2.1/clips__test/503f5993-40fc-4547-a9c7-9f7d62b8f2a0/ba0841795871278d98fbdf31c59bbcca23f94673bbdcff100307a230286236c3.mp3	503f5993-40fc-4547-a9c7-9f7d62b8f2a0	Doch ein gelungener Start ist noch kein Garantie für spätere Erfolge.	Ein gelungener Start ist noch kein Garant für einen späteren Erfolg.	datasets/STT4SG-350 v2.1/clips__test/06f2981e-5362-4daa-828c-cf2f06c15f63/ba0841795871278d98fbdf31c59bbcca23f94673bbdcff100307a230286236c3.mp3	06f2981e-5362-4daa-828c-cf2f06c15f63	Doch ein gelungener Start ist noch kein Garant für spätere Erfolge.	Doch ein gelungener Start ist noch kein Garant für späteren Erfolg.
Solche Initiativen könnten gar nicht umgesetzt werden.	news_switz	True	datasets/STT4SG-350 v2.1/clips__test/fd653920-0aa9-4f5f-8fe3-1da4d2f65f84/8dbbae6f34f3bbab1ba6f6734978738f97d494691f7fd7d6c987c70febd97642.mp3	50e4a935-c887-4c38-aff2-6286aab725d1	Solche Initiativen können noch gar nicht umgesetzt werden.	Solche Initiativen könnten gar nicht umgesetzt werden.	datasets/STT4SG-350 v2.1/clips__test/3e7e3ad6-938d-40fa-9787-2e9f8c529a66/8dbbae6f34f3bbab1ba6f6734978738f97d494691f7fd7d6c987c70febd97642.mp3	3e7e3ad6-938d-40fa-9787-2e9f8c529a66	Solche Initiativen können gar nicht umgesetzt werden.	Solche Initiativen könnten gar nicht umgesetzt werden.
Gebremst wird mit dem Fuss.	news_tech	False	datasets/STT4SG-350 v2.1/clips__test/0b890339-031a-43ef-bc2e-5e8b5ac5e613/64b3d50724e76021ff73d939d3b04be3394370cc93dfceb629cfc49518a8e270.mp3	0b890339-031a-43ef-bc2e-5e8b5ac5e613	Gebranzt wird mit dem Füß.	Gebremst wird mit dem Fuss.	datasets/STT4SG-350 v2.1/clips__test/9a9554dd-3ee4-4997-82e6-1d78e0ca3d7f/64b3d50724e76021ff73d939d3b04be3394370cc93dfceb629cfc49518a8e270.mp3	9a9554dd-3ee4-4997-82e6-1d78e0ca3d7f	Bremset mich mit dem Fuß!	Gebremst wird mit dem Fuss.
Gerne wird er sein Engagement nun als Vizepräsident des Einwohnerrates weiterführen.	parliament	False	datasets/STT4SG-350 v2.1/clips__test/3a231070-4b09-40eb-a319-1f3ed4e61ad9/7b4576cf8d45ce96b13b8d7d0567423fc111921cf30f71f3cde92eecab3c26f5.mp3	3a231070-4b09-40eb-a319-1f3ed4e61ad9	Er wird sein Engagement jetzt gerne als Vizepräsident des Einwohnerrates weiterführen.	Gerne werde er sein Engagement nun als Vizepräsident des Einwohnerrates weiterführen.	datasets/STT4SG-350 v2.1/clips__test/2b08c635-ccf7-42a3-ae38-c7e57b3eb8ed/7b4576cf8d45ce96b13b8d7d0567423fc111921cf30f71f3cde92eecab3c26f5.mp3	2b08c635-ccf7-42a3-ae38-c7e57b3eb8ed	Gern wird er sein Engagement jetzt als Vizepräsident des Einwohnerrates weiterführen.	Gerne wird er sein Engagement nun als Vizepräsident des Einwohnerrates weiterführen.
So ganz aufgegangen ist diese Rechnung allerdings nicht.	news_tech	False	datasets/STT4SG-350 v2.1/clips__test/fd653920-0aa9-4f5f-8fe3-1da4d2f65f84/9376a4e86b50fb558ce5e97abb6d5b80b187dba32082adb46d77f26a060596f4.mp3	50e4a935-c887-4c38-aff2-6286aab725d1	So ganz ist diese Rechnung allerdings nicht aufgegangen.	So ganz aufgegangen ist die Rechnung allerdings nicht.	datasets/STT4SG-350 v2.1/clips__test/9864e0a2-eda0-48fe-97a7-65bc07cbb944/9376a4e86b50fb558ce5e97abb6d5b80b187dba32082adb46d77f26a060596f4.mp3	9864e0a2-eda0-48fe-97a7-65bc07cbb944	So ganz aufgegangen ist diese Rechnung allerdings nicht.	So ganz aufgegangen ist diese Rechnung allerdings nicht.
Egal ob bei den Schulen, Infrastruktur, Soziales, Kultur und Sport.	parliament	False	datasets/STT4SG-350 v2.1/clips__test/503f5993-40fc-4547-a9c7-9f7d62b8f2a0/cf9a5d96b972736df33c836288542486157efb9f5485b6ec0b13ccef2f0a2b8c.mp3	503f5993-40fc-4547-a9c7-9f7d62b8f2a0	Egal ob bei der Schule, Infrastruktur, Soziales, Kultur und Sport.	Egal ob bei Schulen, Infrastruktur, Soziales, Kultur und Sport.	datasets/STT4SG-350 v2.1/clips__test/ba826a45-33f8-47ef-9516-a66a201aac29/cf9a5d96b972736df33c836288542486157efb9f5485b6ec0b13ccef2f0a2b8c.mp3	ba826a45-33f8-47ef-9516-a66a201aac29	Egal ob bei der Schule, Infrastruktur, Soziales, Kultur oder Sport.	Egal ob bei den Schulen, Infrastruktur, Soziales, Kultur und Sport.
Dies steigert die Vorfreude auf einen Ritt unter der freien Sonne!	news_tech	False	datasets/STT4SG-350 v2.1/clips__test/3a231070-4b09-40eb-a319-1f3ed4e61ad9/9a856cbbf189d759e4aa300faed4810a67c5a75ed83bb809b008f23d3069f723.mp3	3a231070-4b09-40eb-a319-1f3ed4e61ad9	Das stieg Ruth Vorfreit unter der frühen Sonne zu Rito.	Das steigert die Vorfreude auf einen Ritt unter der freien Sonne.	datasets/STT4SG-350 v2.1/clips__test/6d34bfbb-2de2-48d9-891d-ae216f9b347b/9a856cbbf189d759e4aa300faed4810a67c5a75ed83bb809b008f23d3069f723.mp3	6d34bfbb-2de2-48d9-891d-ae216f9b347b	Das steigert die Vorfreude auf einen Ritt unter der freien Sonne.	Das steigert die Vorfreude auf einen Ritt unter der freien Sonne.
Gibt es ein Recht auf ein Kind?	news_cultu	False	datasets/STT4SG-350 v2.1/clips__test/a1859917-0a13-49e8-aa92-77ac5cb5151e/4238e5ddb5751faa18930649e306a5e20316a6c5241810e6a1f9f723b3ce2590.mp3	a1859917-0a13-49e8-aa92-77ac5cb5151e	Gibt es ein Recht auf ein Kind?	Gibt es ein Recht auf ein Kind?	datasets/STT4SG-350 v2.1/clips__test/ce8839ae-3b20-491c-8c33-cef08b4def6e/4238e5ddb5751faa18930649e306a5e20316a6c5241810e6a1f9f723b3ce2590.mp3	ce8839ae-3b20-491c-8c33-cef08b4def6e	Gibt es recht aufs Kind?	Gibt es ein Recht auf ein Kind?
Sie sollen künftig 1,7-mal höher sein als heute.	news_finan	False	datasets/STT4SG-350 v2.1/clips__test/50e4a935-c887-4c38-aff2-6286aab725d1/4b91579c8b6ce8d4b98ef634e88ebd9ffe7c5864fd2bba6f5f581180b617bcf8.mp3	50e4a935-c887-4c38-aff2-6286aab725d1	Sie soll künftig 1,7 mal höher sein als heute.	Sie sollen künftig 1.7-mal höher sein als heute.	datasets/STT4SG-350 v2.1/clips__test/ce8839ae-3b20-491c-8c33-cef08b4def6e/4b91579c8b6ce8d4b98ef634e88ebd9ffe7c5864fd2bba6f5f581180b617bcf8.mp3	ce8839ae-3b20-491c-8c33-cef08b4def6e	Sie sollen künftig 1,7 Mal höher sein als heute.	Sie sollen künftig 1.7-mal höher sein als heute.
Bisher sind rund 170 Länder beigetreten.	news_switz	False	datasets/STT4SG-350 v2.1/clips__test/fd653920-0aa9-4f5f-8fe3-1da4d2f65f84/87216178410d3abc73694818dbf16ca96dbc95a8dd1d0528320ff585bf15b796.mp3	50e4a935-c887-4c38-aff2-6286aab725d1	Bis jetzt sind rund 170 Länder wiegetreten.	Bisher sind rund 170 Länder beigetreten.	datasets/STT4SG-350 v2.1/clips__test/9864e0a2-eda0-48fe-97a7-65bc07cbb944/87216178410d3abc73694818dbf16ca96dbc95a8dd1d0528320ff585bf15b796.mp3	9864e0a2-eda0-48fe-97a7-65bc07cbb944	Bisher sind rund 170 Länder beigetreten.	Bisher sind rund 170 Länder beigetreten.
Es war ein langer Weg.	news_cultu	True	datasets/STT4SG-350 v2.1/clips__test/503f5993-40fc-4547-a9c7-9f7d62b8f2a0/6babc72224428e4638e39bec8b3dc6c5177e52470c8716d5e579dee263d71ccb.mp3	503f5993-40fc-4547-a9c7-9f7d62b8f2a0	Es ist ein längerer Wachs.	Es war ein langer Weg.	datasets/STT4SG-350 v2.1/clips__test/4ee1811c-9884-4261-99cb-2f7346c8ea6e/6babc72224428e4638e39bec8b3dc6c5177e52470c8716d5e579dee263d71ccb.mp3	4ee1811c-9884-4261-99cb-2f7346c8ea6e	Es ist ein langer Weg gewesen.	Es war ja ein enger Weg.
Was ist denn schon gerecht?	news_other	False	datasets/STT4SG-350 v2.1/clips__test/503f5993-40fc-4547-a9c7-9f7d62b8f2a0/70a02a117a30cebe30e2e2dcea198aa6db56c7353aa208e9368113ba9d60d3d1.mp3	503f5993-40fc-4547-a9c7-9f7d62b8f2a0	Was ist das für eine Kraft?	Was ist denn schon gerecht?	datasets/STT4SG-350 v2.1/clips__test/06f2981e-5362-4daa-828c-cf2f06c15f63/70a02a117a30cebe30e2e2dcea198aa6db56c7353aa208e9368113ba9d60d3d1.mp3	06f2981e-5362-4daa-828c-cf2f06c15f63	Was ist dann schon gereicht?	Was ist denn schon gerecht?
Dieses Mal zum Glück nicht die Stadt Aarau.	parliament	False	datasets/STT4SG-350 v2.1/clips__test/226c7f4c-0da0-4e94-a873-ad1586107355/82718e894c4c1188bd4358a3563f331e5e0d58701bb4959e2ba5aa91024bcbd8.mp3	226c7f4c-0da0-4e94-a873-ad1586107355	Jetzt mal zum Glück nicht in der Stadt Aarau.	Diesmal zum Glück nicht die Stadt Aarau.	datasets/STT4SG-350 v2.1/clips__test/9864e0a2-eda0-48fe-97a7-65bc07cbb944/82718e894c4c1188bd4358a3563f331e5e0d58701bb4959e2ba5aa91024bcbd8.mp3	9864e0a2-eda0-48fe-97a7-65bc07cbb944	Diesmal zum Glück nicht Stadt Aarau.	Diesmal zum Glück nicht die Stadt Aarau.
Und das sei doch etwas Gutes.	news_scien	False	datasets/STT4SG-350 v2.1/clips__test/fd653920-0aa9-4f5f-8fe3-1da4d2f65f84/90ba0573667baf4c15f990db7d6e9f6eeeac00ae2f97f198fa7c5a6c057f2718.mp3	50e4a935-c887-4c38-aff2-6286aab725d1	Und dann wünsche ich dir heute etwas Gutes.	Und das sei doch etwas Gutes.	datasets/STT4SG-350 v2.1/clips__test/ba826a45-33f8-47ef-9516-a66a201aac29/90ba0573667baf4c15f990db7d6e9f6eeeac00ae2f97f198fa7c5a6c057f2718.mp3	ba826a45-33f8-47ef-9516-a66a201aac29	Und das sei doch etwas Gutes!	Und das sei doch etwas Gutes.
Mehr als bei Mitsubishi tut sich auch unter der Haube.	news_tech	False	datasets/STT4SG-350 v2.1/clips__test/3a231070-4b09-40eb-a319-1f3ed4e61ad9/9c156eff9dd5c1676b5baf0f6d8cc087ff4aa299d0b9aa22a47ddf09d03d8267.mp3	3a231070-4b09-40eb-a319-1f3ed4e61ad9	Ich bin Mitsubishi. Ich lebe unter der Hübe.	Mehr als bei Mitsubishi tut sich auch unter dieser Haube.	datasets/STT4SG-350 v2.1/clips__test/3e7e3ad6-938d-40fa-9787-2e9f8c529a66/9c156eff9dd5c1676b5baf0f6d8cc087ff4aa299d0b9aa22a47ddf09d03d8267.mp3	3e7e3ad6-938d-40fa-9787-2e9f8c529a66	Mehr als bei Mitsubishi tut sich auch unter der Haube.	Mehr als bei Mitsubi tut sich auch unter den Haufen.
Nun kann man für eine Person nachschauen.	news_other	False	datasets/STT4SG-350 v2.1/clips__test/226c7f4c-0da0-4e94-a873-ad1586107355/3635637e8b48ad0fb893718e55d759d838fe42e2a3b5c0a2619ceab31c29155a.mp3	226c7f4c-0da0-4e94-a873-ad1586107355	Jetzt kann man für eine Person nachschauen.	Nun kann man für eine Person nachschauen.	datasets/STT4SG-350 v2.1/clips__test/f4fb8f97-1f36-4024-8b0d-3d03682400d7/3635637e8b48ad0fb893718e55d759d838fe42e2a3b5c0a2619ceab31c29155a.mp3	06f2981e-5362-4daa-828c-cf2f06c15f63	Jetzt kann man für eine Person anschauen.	Nun kann man für eine Person betrachten.
Fast alle seien inzwischen in die Schweiz zurückgekehrt.	news_other	False	datasets/STT4SG-350 v2.1/clips__test/226c7f4c-0da0-4e94-a873-ad1586107355/7d2ee1994a85b167cb4b52c55ae3f8563349ee8aa9303d85613875ac922c2aab.mp3	226c7f4c-0da0-4e94-a873-ad1586107355	Fast alle sind dazwischen in die Schweiz zurückgekommen.	Fast alle seien inzwischen in die Schweiz zurückgekehrt.	datasets/STT4SG-350 v2.1/clips__test/8b48025a-2cff-4346-9dab-b45cfb683e22/7d2ee1994a85b167cb4b52c55ae3f8563349ee8aa9303d85613875ac922c2aab.mp3	8b48025a-2cff-4346-9dab-b45cfb683e22	Fast alle seien inzwischen in die Schweiz zurückgekommen.	Fast alle seien inzwischen in die Schweiz zurückgekehrt.
Alles müssen die Eltern den Kindern aber nicht erzählen.	news_switz	False	datasets/STT4SG-350 v2.1/clips__test/20c8300d-7fba-441e-9062-ad5046c311f7/dcb03eb45d2d6de4c4fe4deb362721514d6f3d1ef39761276682cd7ddeb64012.mp3	0b890339-031a-43ef-bc2e-5e8b5ac5e613	Alles müssen die Eltern und die Kinder aber auch nicht erzählen.	Alles müssen die Eltern den Kindern aber nicht erzählen.	datasets/STT4SG-350 v2.1/clips__test/6d34bfbb-2de2-48d9-891d-ae216f9b347b/dcb03eb45d2d6de4c4fe4deb362721514d6f3d1ef39761276682cd7ddeb64012.mp3	6d34bfbb-2de2-48d9-891d-ae216f9b347b	Alles müssen die Eltern den Kindern aber nicht erzählen.	Alles mit Eltern den Kindern aber nicht erzählen.
Wir haben immer noch einen guten Schuldnerstatus.	parliament	False	datasets/STT4SG-350 v2.1/clips__test/3a231070-4b09-40eb-a319-1f3ed4e61ad9/b8bfeb3cec203de50f5795d5b69be5d9453c5388dea2bd2c4cec097b89c6f864.mp3	3a231070-4b09-40eb-a319-1f3ed4e61ad9	Wir haben immer noch einen guten Schuldner-Status.	Wir haben immer noch einen guten Schuldner-status.	datasets/STT4SG-350 v2.1/clips__test/06f2981e-5362-4daa-828c-cf2f06c15f63/b8bfeb3cec203de50f5795d5b69be5d9453c5388dea2bd2c4cec097b89c6f864.mp3	06f2981e-5362-4daa-828c-cf2f06c15f63	Wir haben immer noch einen guten Schuldnerstatus.	Wir haben immer noch einen guten Schuldner-status.
Mittlerweile ist der Zug schon wieder aus Peking abgefahren.	news_inter	False	datasets/STT4SG-350 v2.1/clips__test/a1859917-0a13-49e8-aa92-77ac5cb5151e/84511fc355d5ae7e73b394417070aeb97be99a477b4d13568028260f0d1a7880.mp3	a1859917-0a13-49e8-aa92-77ac5cb5151e	Mittlerweile ist der Zug schon wieder aus Peking abgefahren.	Mittlerweile ist der Zug schon wieder aus Peking abgefahren.	datasets/STT4SG-350 v2.1/clips__test/2b08c635-ccf7-42a3-ae38-c7e57b3eb8ed/84511fc355d5ae7e73b394417070aeb97be99a477b4d13568028260f0d1a7880.mp3	2b08c635-ccf7-42a3-ae38-c7e57b3eb8ed	Inzwischen ist der Zug schon wieder aus Peking abgefahren.	Mittlerweile ist der Zug schon wieder aus Peking abgefahren.
Er zog den Fall weiter.	news_switz	True	datasets/STT4SG-350 v2.1/clips__test/a1859917-0a13-49e8-aa92-77ac5cb5151e/6ab7c208eef2f2d033d50813ddc3f38fc513d5841cb75c57acc95be8fa02386d.mp3	a1859917-0a13-49e8-aa92-77ac5cb5151e	Er hätte der Fall weitergezogen.	Er zog den Fall weiter.	datasets/STT4SG-350 v2.1/clips__test/ce8839ae-3b20-491c-8c33-cef08b4def6e/6ab7c208eef2f2d033d50813ddc3f38fc513d5841cb75c57acc95be8fa02386d.mp3	ce8839ae-3b20-491c-8c33-cef08b4def6e	Er hat den Fall weitergezogen.	Er zog den Fall weiter.
In der Atmosphäre bleibt es Hunderte Jahre bestehen.	news_inter	False	datasets/STT4SG-350 v2.1/clips__test/0d54807c-ec46-415f-8ef2-0a2f769aab1a/f7c084e9a97ba5d58ac845136a6a06b66a8574c13ab35f6019b41c30f77d30b2.mp3	fb1b67be-8d8f-47bb-b15c-ee1138f0d4ac	In der Atmosphäre bleibt es 100 Jahre bestehen.	In der Atmosphäre bleibt ein hunderte Jahr bestehen.	datasets/STT4SG-350 v2.1/clips__test/4ee1811c-9884-4261-99cb-2f7346c8ea6e/f7c084e9a97ba5d58ac845136a6a06b66a8574c13ab35f6019b41c30f77d30b2.mp3	4ee1811c-9884-4261-99cb-2f7346c8ea6e	In der Atmosphäre bleibt es hunderte Jahre bestehen.	In der Atmosphäre bleibt das für 100 Jahre.
Dies hätte die Gesellschaft überfordert.	news_cultu	True	datasets/STT4SG-350 v2.1/clips__test/3a231070-4b09-40eb-a319-1f3ed4e61ad9/ed6cbd65bd19b28ebcc8e4a31a78339d303eb0968af605c1813e5088b5a67778.mp3	3a231070-4b09-40eb-a319-1f3ed4e61ad9	Das hängt in der Gesellschaft über Fortschritt.	Das hat die Gesellschaft überfordert.	datasets/STT4SG-350 v2.1/clips__test/ba826a45-33f8-47ef-9516-a66a201aac29/ed6cbd65bd19b28ebcc8e4a31a78339d303eb0968af605c1813e5088b5a67778.mp3	ba826a45-33f8-47ef-9516-a66a201aac29	Das hätte die Gesellschaft überfordert.	Das hätte die Gesellschaft überfordert.
Doch auch fast die Hälfte der Väter hegt diesen Wunsch.	news_finan	False	datasets/STT4SG-350 v2.1/clips__test/20c8300d-7fba-441e-9062-ad5046c311f7/efc1d2dec02b1fc474d096cad57bb83357c5aade64d32f4c268cc455b32df451.mp3	0b890339-031a-43ef-bc2e-5e8b5ac5e613	Fast die Hälfte der Väter haben diesen Wunsch.	Doch auch fast die Hälfte der Väter habe diesen Wunsch.	datasets/STT4SG-350 v2.1/clips__test/6d34bfbb-2de2-48d9-891d-ae216f9b347b/efc1d2dec02b1fc474d096cad57bb83357c5aade64d32f4c268cc455b32df451.mp3	6d34bfbb-2de2-48d9-891d-ae216f9b347b	Doch auch fast die Hälfte der Väter hegt diesen Wunsch.	Aber auch fast die Hälfte der Väter habe diesen Wunsch.
Sie würde beispielsweise an Joseph Goebbels erinnern.	news_every	True	datasets/STT4SG-350 v2.1/clips__test/0b890339-031a-43ef-bc2e-5e8b5ac5e613/d6e3b62512920b0023fcebe398a3a2561c7789f47c349a51d1f282151e6f7279.mp3	0b890339-031a-43ef-bc2e-5e8b5ac5e613	Sie würde beispielsweise an Josef Goebbels erinnern.	Sie werden beispielsweise an Joseph Goebbels erinnert.	datasets/STT4SG-350 v2.1/clips__test/4ee1811c-9884-4261-99cb-2f7346c8ea6e/d6e3b62512920b0023fcebe398a3a2561c7789f47c349a51d1f282151e6f7279.mp3	4ee1811c-9884-4261-99cb-2f7346c8ea6e	Sie wird beispielsweise an Josef Goebbels erinnern.	Sie würde beispielsweise an Josef Googles erinnern.
Die blauen Flecken sah unter den Kleidern niemand.	news_every	True	datasets/STT4SG-350 v2.1/clips__test/fd653920-0aa9-4f5f-8fe3-1da4d2f65f84/919760af8ea2cf4f30ceac657e945c58a7ef07adf7beaeb8524e39781f58c9e5.mp3	50e4a935-c887-4c38-aff2-6286aab725d1	Die blauen Flecken hat unter dem Kleid niemand gesehen.	Die blauen Flecken sind unter dem Kleid niemand.	datasets/STT4SG-350 v2.1/clips__test/3e7e3ad6-938d-40fa-9787-2e9f8c529a66/919760af8ea2cf4f30ceac657e945c58a7ef07adf7beaeb8524e39781f58c9e5.mp3	3e7e3ad6-938d-40fa-9787-2e9f8c529a66	Die blauen Flecken hat unserer Kleider niemand gesehen.	Die blauen Flecken hat unter den Kleidern niemand gesehen.
Das Food Zurich läuft noch bis zum 1. November.	news_switz	False	datasets/STT4SG-350 v2.1/clips__test/3a231070-4b09-40eb-a319-1f3ed4e61ad9/a6a1c33392bb898dfdd6811c4224b93811b89b86fb67eaf7590527642c9d3b98.mp3	3a231070-4b09-40eb-a319-1f3ed4e61ad9	Das FU Zürich läuft nur bis im 1. November.	"Das Food Zürich läuft noch bis zum 1.
November."	datasets/STT4SG-350 v2.1/clips__test/4ee1811c-9884-4261-99cb-2f7346c8ea6e/a6a1c33392bb898dfdd6811c4224b93811b89b86fb67eaf7590527642c9d3b98.mp3	4ee1811c-9884-4261-99cb-2f7346c8ea6e	Das FU Zürich läuft noch bis zum 1. November.	"Das Food Zürich geht noch bis zum 1.
November."
Mittlerweile hat Evans den Post gelöscht.	news_switz	False	datasets/STT4SG-350 v2.1/clips__test/503f5993-40fc-4547-a9c7-9f7d62b8f2a0/757e1b4310de42e9ddb67b4df97de9795ea23d55767eb44074169809114f0116.mp3	503f5993-40fc-4547-a9c7-9f7d62b8f2a0	Mittlerweile hat Evans den Post gelöscht.	Mittlerweile hat Evans den Post gelöscht.	datasets/STT4SG-350 v2.1/clips__test/e1e57a5e-0e2c-4532-b8d0-1b2a2dc476a4/757e1b4310de42e9ddb67b4df97de9795ea23d55767eb44074169809114f0116.mp3	e1e57a5e-0e2c-4532-b8d0-1b2a2dc476a4	Mittlerweile hat Evans den Post gelöscht.	Mittlerweile hat Evans die Post gelöscht.
Nochmals allen Mitwirkenden vielen Dank.	parliament	False	datasets/STT4SG-350 v2.1/clips__test/a1859917-0a13-49e8-aa92-77ac5cb5151e/80c02907ae7badf8bb973f0e4a4dc8a8648e95a145c05935dd22c4d789e3ca3e.mp3	a1859917-0a13-49e8-aa92-77ac5cb5151e	Nun mal alle mitwirkenden Filter an.	Nochmals allen Mitwirkenden vielen Dank.	datasets/STT4SG-350 v2.1/clips__test/9864e0a2-eda0-48fe-97a7-65bc07cbb944/80c02907ae7badf8bb973f0e4a4dc8a8648e95a145c05935dd22c4d789e3ca3e.mp3	9864e0a2-eda0-48fe-97a7-65bc07cbb944	Nochmal allen Mitwirkenden vielen Dank.	Nochmals allen Mitwirkenden vielen Dank.
Dies dürfe jedoch nicht ohne Bedingungen passieren.	news_finan	False	datasets/STT4SG-350 v2.1/clips__test/0b890339-031a-43ef-bc2e-5e8b5ac5e613/4438627e6eb8e3c43e6b7af05504cbe87623a3bb5aa20faf8e1a101b30c72ab9.mp3	0b890339-031a-43ef-bc2e-5e8b5ac5e613	Dies darf jedoch nicht ohne Bedingung passieren.	Das dürfte aber nicht ohne Bedingungen geschehen.	datasets/STT4SG-350 v2.1/clips__test/9864e0a2-eda0-48fe-97a7-65bc07cbb944/4438627e6eb8e3c43e6b7af05504cbe87623a3bb5aa20faf8e1a101b30c72ab9.mp3	9864e0a2-eda0-48fe-97a7-65bc07cbb944	Das dürfte jedoch nicht ohne Bedingungen passieren.	Das darf jedoch nicht ohne Bedingungen geschehen.
Das ist per se Standortförderung und eine Attraktivitätssteigerung.	parliament	False	datasets/STT4SG-350 v2.1/clips__test/50e4a935-c887-4c38-aff2-6286aab725d1/3a93a41536103cfd0bda60873c97513858d84c09cac1dd6f076be6a920691958.mp3	50e4a935-c887-4c38-aff2-6286aab725d1	Das ist per se eine Standortförderung und eine Attraktivitätssteigerung.	Das ist per se Standortförderung und eine Attraktivitätssteigerung.	datasets/STT4SG-350 v2.1/clips__test/9a9554dd-3ee4-4997-82e6-1d78e0ca3d7f/3a93a41536103cfd0bda60873c97513858d84c09cac1dd6f076be6a920691958.mp3	9a9554dd-3ee4-4997-82e6-1d78e0ca3d7f	Das ist per se Standortförderung und keine Attraktivitätssteigerung.	Das ist per se Standortförderung und eine Attraktivitätssteigerung.
Er hat aber nur noch eine Million Euro im Safe.	news_inter	False	datasets/STT4SG-350 v2.1/clips__test/50e4a935-c887-4c38-aff2-6286aab725d1/509860fd50e8babef940ccefb66009ebdbc8347d92eb7da44ef094cf51739513.mp3	50e4a935-c887-4c38-aff2-6286aab725d1	Arbeit abonnieren und 1 Mio. Euro im Save.	Es hat nur noch eine Million Euro im See.	datasets/STT4SG-350 v2.1/clips__test/9864e0a2-eda0-48fe-97a7-65bc07cbb944/509860fd50e8babef940ccefb66009ebdbc8347d92eb7da44ef094cf51739513.mp3	9864e0a2-eda0-48fe-97a7-65bc07cbb944	Er hat aber nur noch 1 Mio. Euro im Safe.	Es hat nur noch eine Million Euro im See.
Ich stelle Ihnen kurz die Bemerkungen der SP-Fraktion vor.	parliament	False	datasets/STT4SG-350 v2.1/clips__test/fd653920-0aa9-4f5f-8fe3-1da4d2f65f84/8e35a5bb3f55507da084f82395b802f98d021f0f833b1824de5ac115f82877e3.mp3	50e4a935-c887-4c38-aff2-6286aab725d1	Ich stelle auch kurz Bemerkungen der SP-Fraktion vor.	Ich stelle auch kurz Bemerkungen der SP-Fraktion vor.	datasets/STT4SG-350 v2.1/clips__test/2b08c635-ccf7-42a3-ae38-c7e57b3eb8ed/8e35a5bb3f55507da084f82395b802f98d021f0f833b1824de5ac115f82877e3.mp3	2b08c635-ccf7-42a3-ae38-c7e57b3eb8ed	Ich stelle Ihnen kurz die Bemerkungen der SP-Fraktion vor.	Ich stelle auch kurz Bemerkungen der SP-Fraktion vor.
Der Mazda MX-5 feiert seinen 25. Geburtstag!	news_tech	False	datasets/STT4SG-350 v2.1/clips__test/503f5993-40fc-4547-a9c7-9f7d62b8f2a0/930de885a6d541c9af6dd9eb987f6501e8138ffbf78219ef045d4fec8b50667e.mp3	503f5993-40fc-4547-a9c7-9f7d62b8f2a0	Der Mazda MX-5 4 hat seinen 25. Geburtstag.	"Mazda Mx-5 feiert seinen 25.
Geburtstag."	datasets/STT4SG-350 v2.1/clips__test/3e7e3ad6-938d-40fa-9787-2e9f8c529a66/930de885a6d541c9af6dd9eb987f6501e8138ffbf78219ef045d4fec8b50667e.mp3	3e7e3ad6-938d-40fa-9787-2e9f8c529a66	Der Mazda MX-5 viert seine 25 Jahre Geburt.	Mazda Mx-5 wird 25.
Der Sieg beim holländischen Klassiker ist der grösste Erfolg seiner Karriere.	news_sport	False	datasets/STT4SG-350 v2.1/clips__test/fb1b67be-8d8f-47bb-b15c-ee1138f0d4ac/b73016a8d02d7c55d135068555f019b40e5ec0d843c85e3d7da9616ba9079384.mp3	fb1b67be-8d8f-47bb-b15c-ee1138f0d4ac	Der Sieg beim holländischen Klassiker ist der grösste Erfolg seiner Karriere.	Der Sieg beim holländischen Klassiker ist der grösste Erfolg seiner Karriere.	datasets/STT4SG-350 v2.1/clips__test/2b08c635-ccf7-42a3-ae38-c7e57b3eb8ed/b73016a8d02d7c55d135068555f019b40e5ec0d843c85e3d7da9616ba9079384.mp3	2b08c635-ccf7-42a3-ae38-c7e57b3eb8ed	Der Sieg beim holländischen Klassiker ist der grösste Erfolg seiner Karriere.	Der Sieg beim holländischen Klassiker ist der grösste Erfolg seiner Karriere.
Man habe sich in diesem Zusammenhang von keinem Mitarbeiter getrennt.	news_finan	False	datasets/STT4SG-350 v2.1/clips__test/0d54807c-ec46-415f-8ef2-0a2f769aab1a/d8f1a675c6b11f623871013ae17be8f82d437dce32415cf6d46df80927895756.mp3	fb1b67be-8d8f-47bb-b15c-ee1138f0d4ac	Man hat sich in diesem Zusammenhang von keinem Mitarbeiter getrennt.	Man trennte sich in diesem Zusammenhang von keinem Mitarbeiter.	datasets/STT4SG-350 v2.1/clips__test/4ee1811c-9884-4261-99cb-2f7346c8ea6e/d8f1a675c6b11f623871013ae17be8f82d437dce32415cf6d46df80927895756.mp3	4ee1811c-9884-4261-99cb-2f7346c8ea6e	Man hat sich in diesem Zusammenhang von keinen Mitarbeitern getraut.	Man trennte sich in diesem Zusammenhang von keinem Mitarbeiter.
Die Teilnahme am Casting verpflichtet nicht zur Teilnahme an der Miss-Wahl.	news_switz	False	datasets/STT4SG-350 v2.1/clips__test/226c7f4c-0da0-4e94-a873-ad1586107355/6c2a0b9c071658221b3cc739a2681ab6a63487bd87a83d39122da5e203065f48.mp3	226c7f4c-0da0-4e94-a873-ad1586107355	Die Teilnahme am Casting verpflichtet nicht zur Teilnahme an der Misswahl.	Die Teilnahme am Casting verpflichtet nicht zur Teilnahme an der Misswahl.	datasets/STT4SG-350 v2.1/clips__test/9864e0a2-eda0-48fe-97a7-65bc07cbb944/6c2a0b9c071658221b3cc739a2681ab6a63487bd87a83d39122da5e203065f48.mp3	9864e0a2-eda0-48fe-97a7-65bc07cbb944	Die Teilnahme am Casting verpflichtet nicht für die Teilnahme an der Misswahl.	Die Teilnahme am Casting verpflichtet einen nicht zur Teilnahme an der Misswahl.
Die Gruppe kümmert das nicht.	news_scien	False	datasets/STT4SG-350 v2.1/clips__test/0d54807c-ec46-415f-8ef2-0a2f769aab1a/e6fb3eab8a0fc11f8a5ed37814d89cb7d1800be8c39b7b6d3a583103b99accf5.mp3	fb1b67be-8d8f-47bb-b15c-ee1138f0d4ac	Die Gruppe kümmert das nicht.	Die Gruppe kümmert das nicht.	datasets/STT4SG-350 v2.1/clips__test/6d34bfbb-2de2-48d9-891d-ae216f9b347b/e6fb3eab8a0fc11f8a5ed37814d89cb7d1800be8c39b7b6d3a583103b99accf5.mp3	6d34bfbb-2de2-48d9-891d-ae216f9b347b	Die Gruppe kümmert sich um das nicht.	Die Gruppen hören das nicht.
Nach der Kommissionssitzung sind die Anträge teilweise wiederholt worden.	parliament	False	datasets/STT4SG-350 v2.1/clips__test/0b890339-031a-43ef-bc2e-5e8b5ac5e613/c53b0e1440a3f4c13ce0f035f43da2623ea9cea334ae4d430efe4ba5f9c3bb79.mp3	0b890339-031a-43ef-bc2e-5e8b5ac5e613	Nach der Kommissionssitzung sind die Anträge teilweise wiederholt worden.	Nach der Kommissionssitzung wurden die Anträge teilweise wiederholt.	datasets/STT4SG-350 v2.1/clips__test/2b08c635-ccf7-42a3-ae38-c7e57b3eb8ed/c53b0e1440a3f4c13ce0f035f43da2623ea9cea334ae4d430efe4ba5f9c3bb79.mp3	2b08c635-ccf7-42a3-ae38-c7e57b3eb8ed	Nach der Kommissionssitzung sind die Anträge teilweise wiederholt worden.	Nach der Kommissionssitzung wurden die Anträge teilweise wiederholt.
Was muss man sich unter mobilen Bänken vorstellen?	news_switz	False	datasets/STT4SG-350 v2.1/clips__test/503f5993-40fc-4547-a9c7-9f7d62b8f2a0/d5ac3fa58852c3174d5bc2185dcc7bfcabe183d36c694e20b22da15a04043e82.mp3	503f5993-40fc-4547-a9c7-9f7d62b8f2a0	Was müsste man sich unter den mobilen Banken vorstellen?	Was muss man sich unter mobilen Bänken vorstellen?	datasets/STT4SG-350 v2.1/clips__test/4ee1811c-9884-4261-99cb-2f7346c8ea6e/d5ac3fa58852c3174d5bc2185dcc7bfcabe183d36c694e20b22da15a04043e82.mp3	4ee1811c-9884-4261-99cb-2f7346c8ea6e	Was muss man sich unter «mobiler Bank» vorstellen?	Was muss man sich unter mobilen Bänken vorstellen?
Ich verzichte aus Zeitgründen, die ganze Geschichte noch einmal aufzurollen.	parliament	False	datasets/STT4SG-350 v2.1/clips__test/50e4a935-c887-4c38-aff2-6286aab725d1/124988a35a4579c48236718ff90d522db931fe225d2c2a273ce5fda359834fb3.mp3	50e4a935-c887-4c38-aff2-6286aab725d1	Ich verzichte auf Zeitgründe, die ganze Geschichte nochmals aufzurollen.	Ich verzichte aus Zeitgründen die ganze Geschichte noch einmal aufzurollen.	datasets/STT4SG-350 v2.1/clips__test/9a9554dd-3ee4-4997-82e6-1d78e0ca3d7f/124988a35a4579c48236718ff90d522db931fe225d2c2a273ce5fda359834fb3.mp3	9a9554dd-3ee4-4997-82e6-1d78e0ca3d7f	Ich verzichte aus Zeitgründen, die ganze Geschichte aufzurollen.	Ich verzichte aus Zeitgründen, die ganze Geschichte noch einmal aufzurollen.
Der Baum scheint bester Gesundheit zu sein.	news_scien	False	datasets/STT4SG-350 v2.1/clips__test/0d54807c-ec46-415f-8ef2-0a2f769aab1a/c6ac2296aa3b50df2dfa80ddb504612911e3f10625ec6aa5deac5ba1996c8bc9.mp3	fb1b67be-8d8f-47bb-b15c-ee1138f0d4ac	Der Bäumschwein päscht der Gesundheit zu Sie.	Der Baum scheint in bester Gesundheit zu sein.	datasets/STT4SG-350 v2.1/clips__test/2b08c635-ccf7-42a3-ae38-c7e57b3eb8ed/c6ac2296aa3b50df2dfa80ddb504612911e3f10625ec6aa5deac5ba1996c8bc9.mp3	2b08c635-ccf7-42a3-ae38-c7e57b3eb8ed	Der Baum scheint bester Gesundheit zu sein.	Der Baum scheint in bester Gesundheit zu sein.
Doch für die Kundschaft ist das Auto trotzdem ein gutes Geschäft.	news_tech	False	datasets/STT4SG-350 v2.1/clips__test/50e4a935-c887-4c38-aff2-6286aab725d1/43f1781b455c54ad0cb7e12625a52034893ee6c379a9797d3a496736b2f0c036.mp3	50e4a935-c887-4c38-aff2-6286aab725d1	Doch für die Kundschaft ist das Auto trotzdem ein gutes Geschäft.	Doch für die Kundschaft ist das Auto trotzdem ein gutes Geschäft.	datasets/STT4SG-350 v2.1/clips__test/9a9554dd-3ee4-4997-82e6-1d78e0ca3d7f/43f1781b455c54ad0cb7e12625a52034893ee6c379a9797d3a496736b2f0c036.mp3	9a9554dd-3ee4-4997-82e6-1d78e0ca3d7f	Aber für die Kundschaft ist das Auto trotzdem ein gutes Geschäft.	Doch für die Kundschaft ist das Auto trotzdem ein gutes Geschäft.
1998-2001 waren es Fr. 76'000.--.	parliament	True	datasets/STT4SG-350 v2.1/clips__test/3a231070-4b09-40eb-a319-1f3ed4e61ad9/4ce778dd5e84e8536c59c711249376c00021d78e7e066b54e4ff05bc58b5a738.mp3	3a231070-4b09-40eb-a319-1f3ed4e61ad9	1998 bis 2001 waren es 76'000 Fr.	1998 bis 2001 waren es Franken 76000.	datasets/STT4SG-350 v2.1/clips__test/ce8839ae-3b20-491c-8c33-cef08b4def6e/4ce778dd5e84e8536c59c711249376c00021d78e7e066b54e4ff05bc58b5a738.mp3	ce8839ae-3b20-491c-8c33-cef08b4def6e	1998 bis 2001 waren es 76'000 Franken.	1998 bis 2001 waren es Franken 76000.
Worin fühlen Sie sich persönlich ertappt?	news_cultu	False	datasets/STT4SG-350 v2.1/clips__test/226c7f4c-0da0-4e94-a873-ad1586107355/5d14cd2f18bcae18025d97d25bdf15e4f32f159dcb4d24ba4bfe27a71e0bb506.mp3	226c7f4c-0da0-4e94-a873-ad1586107355	Wo ich fühle, dass ihr auch persönlich ertappt.	Worin fühle sie sich persönlich erkannt?	datasets/STT4SG-350 v2.1/clips__test/e1e57a5e-0e2c-4532-b8d0-1b2a2dc476a4/5d14cd2f18bcae18025d97d25bdf15e4f32f159dcb4d24ba4bfe27a71e0bb506.mp3	e1e57a5e-0e2c-4532-b8d0-1b2a2dc476a4	Worin fühlen Sie sich persönlich ertappt?	Worin fühlen Sie sich persönlich ertappt?
Die Schweizer Handball-Nationalmannschaft steht doch noch in den WM-Playoffs.	news_sport	False	datasets/STT4SG-350 v2.1/clips__test/503f5993-40fc-4547-a9c7-9f7d62b8f2a0/cb8f681bd2948912de12722ebd4971a3755cd3d4360311050d5363829ffa384d.mp3	503f5993-40fc-4547-a9c7-9f7d62b8f2a0	Die Schweizer Handball-Nationalmannschaft steht doch noch in den WM-Playoffs.	Die Schweizer Handball-nazi steht doch noch in den WM-Playoffs.	datasets/STT4SG-350 v2.1/clips__test/8b48025a-2cff-4346-9dab-b45cfb683e22/cb8f681bd2948912de12722ebd4971a3755cd3d4360311050d5363829ffa384d.mp3	8b48025a-2cff-4346-9dab-b45cfb683e22	Die Schweizer Handball-Nationalmannschaft steht doch noch in den WM-Playoffs.	Die Schweizer Handball-nazi steht doch noch in den WM-Playoffs.
Ursprünglich hätten sich Interessierte noch bis am Sonntag melden können.	news_sport	True	datasets/STT4SG-350 v2.1/clips__test/50e4a935-c887-4c38-aff2-6286aab725d1/534d088d035fa8a45064bd94030907beb4ca83d1c7d3425f5fe1a6a20d4017f4.mp3	50e4a935-c887-4c38-aff2-6286aab725d1	Ursprünglich konnten sich Interessierte noch bis am Sonntag melden.	Ursprünglich konnten sich Interessierte noch bis am Sonntag melden.	datasets/STT4SG-350 v2.1/clips__test/06f2981e-5362-4daa-828c-cf2f06c15f63/534d088d035fa8a45064bd94030907beb4ca83d1c7d3425f5fe1a6a20d4017f4.mp3	06f2981e-5362-4daa-828c-cf2f06c15f63	Ursprünglich hätten sich Interessierte noch bis am Sonntag melden können.	Ursprünglich hätten sich Interessierte noch bis Sonntag melden können.
Am 23. September stimmt die Schweiz über drei Vorlagen ab.	news_other	False	datasets/STT4SG-350 v2.1/clips__test/20c8300d-7fba-441e-9062-ad5046c311f7/e2cef4336fb0927b37545eeb56b3d6b0b9d437bf2aa772bf367955dbdd781ebd.mp3	0b890339-031a-43ef-bc2e-5e8b5ac5e613	Am 23. September stimmt die Schweiz über drei Vorlagen ab.	"Am 23.
September stimmt die Schweiz über drei Vorlagen ab."	datasets/STT4SG-350 v2.1/clips__test/4ee1811c-9884-4261-99cb-2f7346c8ea6e/e2cef4336fb0927b37545eeb56b3d6b0b9d437bf2aa772bf367955dbdd781ebd.mp3	4ee1811c-9884-4261-99cb-2f7346c8ea6e	Am 23. September sind in der Schweiz über drei Vorlagen.	"Am 23.
September stimmt die Schweiz über drei Vorlagen ab."
Wir hoffen aber schon, dass im Reglement ein wenig mehr steht.	parliament	False	datasets/STT4SG-350 v2.1/clips__test/20c8300d-7fba-441e-9062-ad5046c311f7/e2ce927a87c7367835a6b70762c1d83e4cd5c4d749ae26553e8b9997f9b5d87c.mp3	0b890339-031a-43ef-bc2e-5e8b5ac5e613	Wir hoffen aber schon, dass im Reglement ein bisschen mehr drinsteht.	Wir hoffen aber schon, dass im Reglement etwas mehr steht.	datasets/STT4SG-350 v2.1/clips__test/4ee1811c-9884-4261-99cb-2f7346c8ea6e/e2ce927a87c7367835a6b70762c1d83e4cd5c4d749ae26553e8b9997f9b5d87c.mp3	4ee1811c-9884-4261-99cb-2f7346c8ea6e	Wir hoffen aber schon, dass im Reglement etwas mehr steht.	Wir hoffen aber schon, dass im Reglement ein bisschen mehr steht.
Das Repertoire an diesem Abend aber liess zu wünschen übrig.	news_cultu	True	datasets/STT4SG-350 v2.1/clips__test/50e4a935-c887-4c38-aff2-6286aab725d1/3fbdea6d57334142515ff835befdff48907c4b7b44c35d892dbb5dd884b6f34b.mp3	50e4a935-c887-4c38-aff2-6286aab725d1	Die Repertoire an diesem Abend hat das Wünschen übrig gelassen.	Das Repertoire an diesem Abend liess aber zu wünschen übrig.	datasets/STT4SG-350 v2.1/clips__test/9864e0a2-eda0-48fe-97a7-65bc07cbb944/3fbdea6d57334142515ff835befdff48907c4b7b44c35d892dbb5dd884b6f34b.mp3	9864e0a2-eda0-48fe-97a7-65bc07cbb944	Das Repertoire an diesem Abend hat aber das Wünschen übrig gelassen.	Ein Repertoire an diesem Abend aber liess das Wünschen übrig.
Ist das im Sinne von euch allen?	parliament	False	datasets/STT4SG-350 v2.1/clips__test/0d54807c-ec46-415f-8ef2-0a2f769aab1a/e9c5ae0f5b8d623771ea0b27b98fc56bebe932aa65bdeefcfb6b63d6afa70ef5.mp3	fb1b67be-8d8f-47bb-b15c-ee1138f0d4ac	Ist das im Sehen von allen?	Ist das im Sinne von euch allen?	datasets/STT4SG-350 v2.1/clips__test/4ee1811c-9884-4261-99cb-2f7346c8ea6e/e9c5ae0f5b8d623771ea0b27b98fc56bebe932aa65bdeefcfb6b63d6afa70ef5.mp3	4ee1811c-9884-4261-99cb-2f7346c8ea6e	Ist das im Sinn von euch allen?	Ist das im Sinne von euch allen?
Auch innerhalb der Lufthansa-Gruppe schaue man durchaus neidisch nach Zürich.	news_finan	False	datasets/STT4SG-350 v2.1/clips__test/50e4a935-c887-4c38-aff2-6286aab725d1/3f29eaa3cb7f51b8e74a8f51e9257b861856400e096cdae5bc1dd9d876367d60.mp3	50e4a935-c887-4c38-aff2-6286aab725d1	Innerhalb der Lufthansa-Gruppe fliegt das Modul nach Zürich.	Auch innerhalb der Lufthansa-gruppe schaut man durchaus neidisch auf Zürich.	datasets/STT4SG-350 v2.1/clips__test/9a9554dd-3ee4-4997-82e6-1d78e0ca3d7f/3f29eaa3cb7f51b8e74a8f51e9257b861856400e096cdae5bc1dd9d876367d60.mp3	9a9554dd-3ee4-4997-82e6-1d78e0ca3d7f	Auch innerhalb der Lufthansa Gruppe schaut man durchaus neidisch auf Zürich.	Auch innerhalb der Lufthansa-gruppe schaut man durchaus neidisch nach Zürich.
